UserAuthId,SignUpRole,Name,LoginEmail,NotificationEmail,School,District or Company,JobTitle,GradeCluster,Skills,Biography,JoinDate,LastLoginDate,LoginCount,CountOfDaysLoggedInLast30Days,City,State,PostalCode,ActiveSubscriptionType,ActiveSubscriptionName,LastSessionDate,Affiliations
11530,Parent,Lori Bonilla,lindseydrake@yahoo.com,wlee@reed.biz,and Sons School,KANSAS CITY PUBLIC SCHOOL DISTRICT,,College,,,01/02/2018,2023-09-25,40,15,West Donald,RI,68434,Premium Plan,"Rivera, Patterson and Porter Subscription",2024-02-13,society
91704,Student,Anna Harrison,wmeza@hotmail.com,thomas59@keller-scott.com,Group School,KANSAS CITY PUBLIC SCHOOL DISTRICT,,,,,08/27/2018,2023-03-22,15,17,Tonyaborough,ID,36052,Basic Plan,,2024-01-14,
41693,Parent,Yolanda Smith,blankenshipamanda@hotmail.com,juliegood@stevens-jones.com,Ltd School,KANSAS CITY PUBLIC SCHOOL DISTRICT,Chief Operating Officer,Middle School,,Take laugh we lay. On tree about authority all.,04/22/2017,2023-04-13,46,3,Vazquezfort,OK,30195,Premium Plan,Smith PLC Subscription,2023-03-15,
65331,Student,Shelby Black,vblair@reeves.com,brettroberts@lee-anderson.com,LLC School,KANSAS CITY PUBLIC SCHOOL DISTRICT,,Elementary,,,11/13/2015,2023-12-31,3,1,East Adam,FL,33161,Platinum Plan,Pitts-Mcdonald Subscription,2023-11-14,
16295,Student,Yvonne Sullivan,ahale@yahoo.com,amy93@brown-stanley.com,Ltd School,KANSAS CITY PUBLIC SCHOOL DISTRICT,,Elementary,,,05/05/2016,2023-03-05,47,20,Ayalaburgh,WY,17257,Free Plan,,2023-08-31,
93457,Educator,Joseph Bryant,wrobinson@villanueva.org,bsawyer@hotmail.com,LLC School,KANSAS CITY PUBLIC SCHOOL DISTRICT,Risk analyst,Elementary,,,03/27/2021,2023-10-18,33,11,Sanchezville,UT,14548,Free Plan,Baker-Phillips Subscription,2023-08-19,
94091,Educator,Michael Johnson,faulknersamuel@yahoo.com,kevinbradford@yahoo.com,Group School,KANSAS CITY PUBLIC SCHOOL DISTRICT,,Elementary,,,05/25/2021,2024-02-05,86,1,Aliciafurt,DE,27190,Free Plan,"Bennett, Simpson and French Subscription",2023-12-19,community
58980,Professional,Daniel Deleon,xsmith@gmail.com,deckeremily@gmail.com,Inc School,KANSAS CITY PUBLIC SCHOOL DISTRICT,Chief Executive Officer,High School,,,09/29/2021,2023-07-26,29,14,New Lauren,NC,51549,Basic Plan,,2023-04-03,
35804,Parent,Cynthia Gardner,robertrodriguez@hotmail.com,ljackson@lewis.info,LLC School,KANSAS CITY PUBLIC SCHOOL DISTRICT,Risk analyst,,form,Also at sense debate strategy. Before specific spend send.,03/06/2018,2023-08-28,67,7,Tylertown,AK,10714,Platinum Plan,,2023-05-28,
56092,Professional,Katelyn Davis,hartcory@parrish.org,johnsonmelissa@yahoo.com,and Sons School,KANSAS CITY PUBLIC SCHOOL DISTRICT,,,wide,,05/06/2021,2023-12-04,36,26,Jessicafurt,MN,35772,Platinum Plan,Jackson PLC Subscription,2023-07-25,
89152,Professional,Jeffrey King,samantha01@morales.com,nrussell@harris-smith.com,Inc School,KANSAS CITY PUBLIC SCHOOL DISTRICT,Best boy,,,,12/14/2015,2023-03-31,82,0,South Karenmouth,HI,29302,Basic Plan,,2023-06-11,
70824,Parent,Brian Mcclain,erika88@mcgee.info,parcher@taylor.org,Inc School,KANSAS CITY PUBLIC SCHOOL DISTRICT,Diagnostic radiographer,Elementary,benefit,Different occur professor area. Carry dream issue floor. Thank phone democratic.,03/19/2019,2023-06-27,1,29,West Susanview,AR,15104,Free Plan,Drake-Matthews Subscription,2023-03-11,
90537,Student,Caitlyn Padilla,jphillips@pugh.info,okent@gmail.com,Inc School,KANSAS CITY PUBLIC SCHOOL DISTRICT,Dance movement psychotherapist,College,amount,,08/25/2020,2023-10-17,90,16,Greenside,KS,8815,Basic Plan,Castro Inc Subscription,2023-11-23,
75108,Parent,Oscar Thompson,kenneth38@thomas.com,jamiemyers@madden-salas.com,Group School,KANSAS CITY PUBLIC SCHOOL DISTRICT,,,appear,,06/09/2018,2023-03-08,83,8,Wardbury,ND,74829,Premium Plan,"Kennedy, Sanders and Swanson Subscription",2024-01-28,
97756,Parent,Michelle Cervantes,dphillips@watkins.com,jameschurch@gmail.com,LLC School,KANSAS CITY PUBLIC SCHOOL DISTRICT,Recycling officer,High School,,,11/24/2020,2023-05-10,43,24,Petersonhaven,NE,86831,Platinum Plan,,2023-06-15,
34277,Educator,Jessica Curry,fowlerjacqueline@garner.com,mary34@hotmail.com,Inc School,KANSAS CITY PUBLIC SCHOOL DISTRICT,,Elementary,,,08/06/2016,2023-11-09,29,29,Donchester,RI,16009,Basic Plan,"Austin, Carlson and Flores Subscription",2023-08-11,rich
29980,Educator,Benjamin Pearson,shieldsrichard@hotmail.com,nicolegreen@gmail.com,LLC School,KANSAS CITY PUBLIC SCHOOL DISTRICT,"Surveyor, commercial/residential",Elementary,yes,Quality buy individual oil fact rich. Man some hold leave how mind.,05/24/2018,2023-06-23,23,21,Lynnview,MI,90355,Free Plan,,2023-05-09,
96902,Educator,Gabriela Murphy,schmittangela@gmail.com,sperry@mathis.com,Ltd School,KANSAS CITY PUBLIC SCHOOL DISTRICT,,,,Church campaign continue glass section. Time over do citizen marriage free.,08/01/2022,2024-01-23,20,1,Port Marcus,AK,97572,Platinum Plan,,2023-03-30,fall
77694,Professional,Andrew Young,velasquezmark@collins.com,rking@gmail.com,Inc School,KANSAS CITY PUBLIC SCHOOL DISTRICT,Corporate treasurer,High School,,Station range offer what together appear. Return institution executive less season. Research daughter decide small energy speech its.,10/02/2021,2023-11-29,66,5,Brentmouth,DE,23982,Free Plan,,2023-10-13,official
82458,Student,Elizabeth Mullins,uaguirre@owens.com,pamela37@gmail.com,LLC School,KANSAS CITY PUBLIC SCHOOL DISTRICT,Facilities manager,Middle School,,,12/10/2021,2023-10-30,20,8,East Taylorfort,DE,62364,Premium Plan,"Wood, Rodriguez and Elliott Subscription",2023-04-01,
94941,Educator,Bruce Chandler,cameron84@gmail.com,smithnicholas@yahoo.com,LLC School,KANSAS CITY PUBLIC SCHOOL DISTRICT,,Middle School,,,03/16/2017,2023-06-04,34,10,East Lauramouth,MD,23274,Premium Plan,Snow-Grant Subscription,2023-05-29,
54507,Parent,Jerry Martin,rcook@boone.info,charles03@yahoo.com,LLC School,KANSAS CITY PUBLIC SCHOOL DISTRICT,Commercial horticulturist,,,,11/07/2015,2023-05-25,48,0,Clarkshire,CO,2385,Basic Plan,,2023-07-05,
53599,Educator,Michelle Dean,pperez@johnson.com,christiancobb@yahoo.com,LLC School,KANSAS CITY PUBLIC SCHOOL DISTRICT,Clinical embryologist,,,,06/30/2019,2023-10-21,69,3,Jasonton,NM,24285,Platinum Plan,,2023-11-22,
53929,Student,Jared Dunn,udixon@yahoo.com,awolf@hotmail.com,and Sons School,KANSAS CITY PUBLIC SCHOOL DISTRICT,"Journalist, magazine",Elementary,study,,11/13/2019,2023-05-20,34,5,Lake Amyhaven,MA,21046,Platinum Plan,"Morris, Obrien and Chavez Subscription",2023-03-15,cover
18840,Educator,Michael Williamson,xbeck@gmail.com,twest@gmail.com,Ltd School,KANSAS CITY PUBLIC SCHOOL DISTRICT,,Middle School,,,06/10/2019,2023-09-06,78,18,Jasminmouth,DC,28657,Platinum Plan,,2023-08-29,
82738,Parent,Kristen Thompson,herreracynthia@wells.com,qnguyen@fields-duncan.com,Inc School,KANSAS CITY PUBLIC SCHOOL DISTRICT,,,everyone,,11/20/2022,2023-12-09,93,20,Michaelville,ND,87436,Free Plan,,2023-08-26,
27036,Parent,Michelle Williams,qmorris@thompson.com,moransavannah@gmail.com,Ltd School,KANSAS CITY PUBLIC SCHOOL DISTRICT,Occupational hygienist,,as,,10/22/2021,2023-11-13,61,9,New Marthafurt,GA,66381,Basic Plan,Weeks-Cooper Subscription,2023-05-16,
51382,Educator,Matthew Smith,bgraham@gmail.com,martinezjerome@pope.com,Group School,KANSAS CITY PUBLIC SCHOOL DISTRICT,"Education officer, museum",,nor,Strategy follow well yet. Somebody plan Mrs he everything. Indeed pull need general near.,09/16/2017,2023-06-14,4,3,Latoyahaven,UT,85220,Platinum Plan,Escobar Inc Subscription,2024-02-27,newspaper
66761,Student,Brandon Ibarra,rreyes@hotmail.com,margaretlutz@hotmail.com,PLC School,KANSAS CITY PUBLIC SCHOOL DISTRICT,"Scientist, research (life sciences)",Elementary,,,08/12/2018,2023-08-23,48,15,Richardsonstad,KS,60125,Platinum Plan,"Delacruz, Hamilton and Barrett Subscription",2023-09-20,
89642,Educator,Susan Dixon,jorgemeza@yahoo.com,kathleendaniels@day-coleman.info,PLC School,KANSAS CITY PUBLIC SCHOOL DISTRICT,"Scientist, research (medical)",,,,03/27/2017,2023-09-13,90,11,North Jamesland,KY,27412,Basic Plan,"Perkins, Lutz and Sosa Subscription",2023-03-24,investment
21250,Educator,Dylan Morgan,jamesbarnett@gmail.com,valerie71@hotmail.com,Inc School,KANSAS CITY PUBLIC SCHOOL DISTRICT,,High School,actually,Special education check. Everyone stage Democrat class card main.,03/09/2020,2023-05-08,48,27,Wyattview,IN,65513,Platinum Plan,"Chapman, Bennett and Hernandez Subscription",2024-02-16,
59047,Professional,Troy Bernard,valeriegiles@gmail.com,jensenapril@graves.com,Group School,KANSAS CITY PUBLIC SCHOOL DISTRICT,Actuary,,,,06/17/2017,2023-12-23,60,15,Bellshire,ND,20086,Premium Plan,Nelson-Herrera Subscription,2024-02-03,
88140,Parent,Rebecca Sherman,curtis48@yahoo.com,brownlori@perry-herrera.net,PLC School,KANSAS CITY PUBLIC SCHOOL DISTRICT,,Elementary,father,Can consider point couple able. Summer allow our campaign lot throw.,04/15/2018,2023-04-19,66,3,Lopezland,WI,75750,Free Plan,Scott Inc Subscription,2023-08-15,
54145,Parent,Seth Saunders,jodi65@gmail.com,danielle50@hotmail.com,LLC School,KANSAS CITY PUBLIC SCHOOL DISTRICT,,Middle School,should,,07/07/2017,2023-12-29,55,22,Coopermouth,IL,90787,Premium Plan,"Patterson, Todd and Thomas Subscription",2024-02-12,everything
30662,Parent,Jacob Adams,deborah82@hotmail.com,john40@garrett.com,and Sons School,KANSAS CITY PUBLIC SCHOOL DISTRICT,,Middle School,defense,,10/31/2016,2023-06-13,15,30,South Andrewport,NH,56862,Free Plan,"Ward, Stevenson and Taylor Subscription",2023-11-27,when
71460,Parent,Mrs. Susan Hamilton DVM,leeelizabeth@adams-daniels.com,fmckinney@yahoo.com,LLC School,KANSAS CITY PUBLIC SCHOOL DISTRICT,Armed forces operational officer,Elementary,,,07/20/2016,2024-03-02,50,13,Emilychester,RI,93882,Platinum Plan,"Morrow, Simpson and Poole Subscription",2023-09-03,brother
49531,Parent,Angie Fisher,christopher12@gmail.com,bryantcharles@davis.net,and Sons School,KANSAS CITY PUBLIC SCHOOL DISTRICT,Estate manager/land agent,High School,painting,,03/30/2021,2023-03-10,74,14,Debrachester,DC,8265,Basic Plan,Oneal-Romero Subscription,2023-10-11,
82488,Parent,Ronald Sexton,xanderson@yahoo.com,lorettabryan@hotmail.com,and Sons School,KANSAS CITY PUBLIC SCHOOL DISTRICT,,College,nearly,,11/01/2020,2023-10-06,8,1,Port Patrick,WI,49931,Premium Plan,Russell Ltd Subscription,2023-05-03,
26529,Student,Thomas Hoffman,karlhardy@gmail.com,maycraig@daniel-sanchez.com,Inc School,KANSAS CITY PUBLIC SCHOOL DISTRICT,,,,,12/30/2015,2024-02-04,89,6,New Joseberg,GA,88917,Free Plan,Yates-Johnson Subscription,2023-11-18,
40445,Student,Brandon Lowe,carterisaac@robles.com,chavezkaren@johnson.com,PLC School,KANSAS CITY PUBLIC SCHOOL DISTRICT,Manufacturing systems engineer,,,,03/05/2021,2023-09-20,92,3,Port Barbaraview,KS,45988,Free Plan,,2023-03-06,performance
39030,Professional,Bryan Anderson,davidboyer@marquez.com,raymond06@adkins-stone.com,LLC School,KANSAS CITY PUBLIC SCHOOL DISTRICT,,High School,power,,02/11/2016,2023-04-25,16,10,Port Kelly,MO,6405,Premium Plan,,2023-07-05,
75958,Educator,April Smith,tammythompson@hotmail.com,alicialee@lopez-smith.com,LLC School,KANSAS CITY PUBLIC SCHOOL DISTRICT,,Elementary,never,,04/07/2023,2023-10-11,77,23,Calvinfort,OK,88633,Platinum Plan,"Leon, Brown and Smith Subscription",2023-12-07,
80629,Parent,Ryan Rogers,cjones@yahoo.com,elizabethelliott@hotmail.com,Group School,KANSAS CITY PUBLIC SCHOOL DISTRICT,Town planner,,probably,Its discussion language middle hard. Education fire care able trade ground.,06/27/2019,2023-10-15,39,14,Rodneyborough,TN,11992,Premium Plan,,2023-10-06,
33685,Professional,Bailey Kelly,leonjohn@snyder.org,webbbryan@morgan.com,Inc School,KANSAS CITY PUBLIC SCHOOL DISTRICT,,,cell,,08/23/2016,2023-07-01,98,28,West Alexstad,GA,27163,Basic Plan,,2023-07-30,
51996,Educator,Amber Chandler,andrew14@yahoo.com,mcculloughsteven@lee.com,PLC School,KANSAS CITY PUBLIC SCHOOL DISTRICT,Freight forwarder,,plant,,10/14/2021,2023-07-03,26,7,Sharonmouth,IN,99340,Basic Plan,"Collier, Baker and Cole Subscription",2024-02-02,party
94903,Educator,Edward Brown,uhunt@hotmail.com,zhunt@cruz-tate.org,PLC School,KANSAS CITY PUBLIC SCHOOL DISTRICT,,College,,,05/10/2018,2023-08-01,1,13,Stewartmouth,CT,85004,Premium Plan,,2023-04-16,
52074,Parent,Jennifer Anderson,scottlambert@green.com,michaelaphillips@gmail.com,Ltd School,KANSAS CITY PUBLIC SCHOOL DISTRICT,,,,,06/28/2023,2023-09-27,69,2,South Jennifer,AK,96664,Premium Plan,,2023-10-04,
91431,Professional,Ricky Morrison,kevin44@gmail.com,leeobrien@gmail.com,Ltd School,KANSAS CITY PUBLIC SCHOOL DISTRICT,,Elementary,,,12/18/2021,2023-07-15,15,21,West Hannahburgh,MI,73816,Free Plan,"Stephenson, Matthews and Lamb Subscription",2023-04-01,nothing
48711,Parent,Sara Fleming,shaunrichardson@gmail.com,bryanperez@stuart.org,Ltd School,KANSAS CITY PUBLIC SCHOOL DISTRICT,Theme park manager,,or,,11/20/2017,2024-01-07,23,2,Lake Allenhaven,ID,4557,Premium Plan,Wright Inc Subscription,2023-11-18,
26857,Professional,Wendy Jenkins,michaeldean@soto.info,ryantorres@hotmail.com,PLC School,KANSAS CITY PUBLIC SCHOOL DISTRICT,,Elementary,,,05/13/2023,2023-06-07,2,22,Edwardsburgh,SD,75583,Basic Plan,"Clark, West and Welch Subscription",2023-08-18,
10411,Professional,Allison Manning,nixonanthony@yahoo.com,nathan13@hansen.org,Ltd School,KANSAS CITY PUBLIC SCHOOL DISTRICT,,Middle School,choice,,04/10/2020,2023-04-05,32,15,New Tammyton,AR,43245,Free Plan,,2023-11-21,
30043,Professional,Colin Evans,richardwalters@thompson.com,williamsrobert@bush.com,Inc School,KANSAS CITY PUBLIC SCHOOL DISTRICT,,High School,,,05/31/2022,2023-05-13,49,13,Ginaton,NM,55278,Platinum Plan,,2023-04-10,
65021,Professional,Morgan Anderson,morganwilson@hotmail.com,cole55@strickland.info,Ltd School,KANSAS CITY PUBLIC SCHOOL DISTRICT,,,,,08/08/2017,2023-05-05,33,21,South Danielle,WA,31445,Premium Plan,Wilson Group Subscription,2023-09-17,
51410,Student,Brenda Smith,riosjay@hotmail.com,hernandezvictor@casey.com,and Sons School,KANSAS CITY PUBLIC SCHOOL DISTRICT,,,result,,03/10/2018,2023-09-30,99,13,Raymouth,DE,27446,Premium Plan,"Orozco, Brown and Long Subscription",2023-05-17,where
45977,Student,Amy Clark,barnettbenjamin@gmail.com,teresa49@hotmail.com,Ltd School,KANSAS CITY PUBLIC SCHOOL DISTRICT,Tour manager,High School,,,05/14/2017,2023-10-18,58,28,Perezburgh,KS,31180,Platinum Plan,,2023-07-07,
37360,Professional,Joy Atkins,josephespinoza@gmail.com,craig53@parker.org,Inc School,KANSAS CITY PUBLIC SCHOOL DISTRICT,Textile designer,High School,baby,Grow voice population happy customer then. Necessary region agree continue dream money after.,09/05/2018,2023-11-04,42,17,Port Ryan,RI,57807,Premium Plan,,2023-12-17,
57471,Parent,Rebecca Dunlap,jwatson@gmail.com,susan51@gray-nash.com,LLC School,KANSAS CITY PUBLIC SCHOOL DISTRICT,,,,View act within knowledge outside. Front far you cut say write. His bar senior.,01/05/2020,2023-08-06,68,10,Jasonville,ME,65960,Free Plan,Carr LLC Subscription,2023-11-06,
77204,Educator,Richard Beasley,taylorwendy@rodriguez.com,megantorres@hotmail.com,Inc School,KANSAS CITY PUBLIC SCHOOL DISTRICT,,Elementary,energy,,01/23/2018,2023-11-22,45,8,Howardfort,MA,83141,Basic Plan,Ramsey and Sons Subscription,2023-12-17,either
75822,Student,Brenda Hanson,williamsstephanie@gmail.com,jimmywalsh@gmail.com,Group School,KANSAS CITY PUBLIC SCHOOL DISTRICT,,,,,11/16/2023,2023-11-10,26,12,East Tiffanyview,HI,69787,Platinum Plan,,2023-05-27,
62182,Educator,Kayla Rogers,dianewashington@wood.com,jacobsgary@yahoo.com,PLC School,KANSAS CITY PUBLIC SCHOOL DISTRICT,,,dream,,07/19/2021,2023-07-14,12,30,Tuckerberg,NM,81549,Basic Plan,,2023-03-31,crime
68864,Professional,Kenneth Osborne,cmadden@yahoo.com,xpierce@hotmail.com,PLC School,KANSAS CITY PUBLIC SCHOOL DISTRICT,,Middle School,,,05/09/2018,2023-06-05,29,15,North Angelaburgh,KY,70356,Basic Plan,,2023-08-30,treat
65870,Educator,Victoria Buck DVM,lopezcheryl@scott.info,barbara03@gmail.com,and Sons School,KANSAS CITY PUBLIC SCHOOL DISTRICT,,,carry,,11/11/2021,2023-08-06,10,15,Andrewville,VA,38225,Free Plan,,2023-04-17,difficult
58182,Student,Jacob Mahoney,samantha24@yahoo.com,oriley@fischer-hubbard.com,LLC School,KANSAS CITY PUBLIC SCHOOL DISTRICT,Agricultural engineer,High School,wish,,11/15/2018,2023-11-14,95,25,Jameschester,MO,65415,Premium Plan,,2023-05-29,executive
98376,Professional,Robert Page,gdiaz@hotmail.com,jason58@frederick.biz,PLC School,KANSAS CITY PUBLIC SCHOOL DISTRICT,Community education officer,,still,Already teacher purpose beat. Control or down.,09/18/2018,2023-11-26,65,13,Bennettland,DE,83569,Platinum Plan,"Strickland, Johnson and Gomez Subscription",2023-03-27,
28196,Parent,Danny Blair,kimberly70@hotmail.com,englishjamie@patel.org,Group School,KANSAS CITY PUBLIC SCHOOL DISTRICT,,Elementary,similar,,11/26/2015,2023-11-24,43,16,South Michelleside,KS,89970,Basic Plan,"York, Davis and Bernard Subscription",2023-06-23,remain
23195,Parent,Matthew Washington,thompsontimothy@melendez-jensen.com,ppruitt@fuller.com,and Sons School,KANSAS CITY PUBLIC SCHOOL DISTRICT,,,,,08/09/2022,2023-10-18,30,15,North Elizabeth,DE,76257,Basic Plan,,2023-06-27,
92734,Professional,Allison Lester,ewood@yahoo.com,rgray@moon-cox.com,Ltd School,KANSAS CITY PUBLIC SCHOOL DISTRICT,,,,Son opportunity area sister short while. Data generation young control plan.,06/23/2022,2023-10-18,77,22,Lake David,IN,53380,Basic Plan,Gomez Group Subscription,2023-05-21,just
15053,Professional,Gina Rodriguez,amandajohnson@gmail.com,valerie48@clark-estrada.org,Ltd School,KANSAS CITY PUBLIC SCHOOL DISTRICT,"Loss adjuster, chartered",,,,01/02/2017,2024-01-08,92,21,Simshaven,FL,48328,Basic Plan,Blanchard-Wright Subscription,2023-06-26,
32619,Educator,Mrs. Patricia Graham,jwilliams@hotmail.com,acollier@george.com,Inc School,KANSAS CITY PUBLIC SCHOOL DISTRICT,Water engineer,,,,02/27/2017,2023-05-08,44,10,Kerrhaven,WA,16331,Free Plan,,2023-12-06,talk
40635,Student,Maria Miller,mcurtis@thomas.net,ronaldsanchez@gmail.com,Ltd School,KANSAS CITY PUBLIC SCHOOL DISTRICT,,,,,02/25/2020,2023-04-10,57,8,West Andrew,ND,69839,Premium Plan,"Scott, Williams and Marshall Subscription",2023-03-21,
45348,Parent,Martin Fitzgerald,taylorkristin@oconnor-ramos.net,ramirezapril@yahoo.com,PLC School,KANSAS CITY PUBLIC SCHOOL DISTRICT,,,front,,05/20/2017,2023-11-16,60,29,Andersonstad,NY,86489,Premium Plan,Bolton Group Subscription,2024-02-19,
43529,Parent,Sarah Lopez,ochung@yahoo.com,pottswilliam@hunt.com,Inc School,KANSAS CITY PUBLIC SCHOOL DISTRICT,Magazine features editor,High School,,,07/21/2019,2023-04-18,70,23,Daviston,UT,22178,Premium Plan,,2023-08-04,
31666,Educator,Paul Patel,jacob27@maddox.com,alicia77@hotmail.com,Inc School,KANSAS CITY PUBLIC SCHOOL DISTRICT,"Nurse, mental health",Elementary,,,10/26/2015,2023-08-07,64,7,Grahammouth,KY,57487,Platinum Plan,"Tran, Hernandez and Jones Subscription",2023-12-27,
71529,Professional,Brian Garrett,dylan63@jordan.com,pwilliams@yahoo.com,and Sons School,KANSAS CITY PUBLIC SCHOOL DISTRICT,,College,off,,01/14/2021,2024-02-22,20,19,Ellisstad,MT,76831,Basic Plan,Miller and Sons Subscription,2023-10-02,
24006,Student,Sandra King,anna13@hotmail.com,yallison@blake-avila.com,Inc School,KANSAS CITY PUBLIC SCHOOL DISTRICT,,,economy,Bring add opportunity though food action their. Respond painting expect what.,04/15/2022,2023-03-12,29,17,West Natalieton,GA,11958,Basic Plan,,2023-10-07,
42218,Professional,Renee Gonzalez,tinamontoya@christensen.com,christopherortiz@greer.com,Inc School,KANSAS CITY PUBLIC SCHOOL DISTRICT,,High School,right,,06/27/2023,2023-05-06,86,8,North Philipstad,VA,70837,Premium Plan,May-Thomas Subscription,2023-10-25,wish
14578,Professional,Matthew Rogers,davesmith@yahoo.com,hannahwest@hotmail.com,LLC School,KANSAS CITY PUBLIC SCHOOL DISTRICT,,Elementary,write,,03/26/2016,2023-11-25,25,2,Pamland,WA,15278,Basic Plan,"Hayes, Chambers and Jones Subscription",2023-06-03,
12069,Educator,Rachel Cruz,crystal66@yahoo.com,wigginsshane@yahoo.com,Ltd School,KANSAS CITY PUBLIC SCHOOL DISTRICT,"Engineer, maintenance (IT)",,,,11/08/2021,2024-01-20,69,29,Whitemouth,UT,71814,Platinum Plan,Ewing-Wong Subscription,2023-06-07,
16426,Parent,David Sims,lawrencebeverly@gmail.com,brownryan@gmail.com,PLC School,KANSAS CITY PUBLIC SCHOOL DISTRICT,Waste management officer,Middle School,new,,03/06/2022,2024-03-01,61,13,Meganview,ND,67334,Platinum Plan,,2023-03-15,
34262,Educator,Maxwell Gonzales,heatheradams@hotmail.com,whitney13@fleming-ray.com,Inc School,KANSAS CITY PUBLIC SCHOOL DISTRICT,,,,,01/17/2023,2023-04-18,29,20,South Jason,IL,51056,Free Plan,Myers PLC Subscription,2023-12-03,
64621,Student,Tricia Garrett,daniellehoward@gmail.com,figueroamallory@gmail.com,and Sons School,KANSAS CITY PUBLIC SCHOOL DISTRICT,,,,,04/11/2021,2023-09-30,46,4,Spencerland,MA,68037,Platinum Plan,Rodriguez Ltd Subscription,2023-09-19,
80410,Professional,Mary Tate,fisherkevin@salazar.com,rolson@yahoo.com,Inc School,KANSAS CITY PUBLIC SCHOOL DISTRICT,Dietitian,,look,,08/09/2020,2023-05-31,86,10,New Lukeshire,MN,29590,Platinum Plan,"Martinez, Merritt and Murphy Subscription",2023-10-15,
67933,Professional,Kimberly Smith,duarteanthony@carson-clark.net,christophersmith@allen-wallace.com,Inc School,KANSAS CITY PUBLIC SCHOOL DISTRICT,,,,,07/09/2017,2023-07-20,16,1,West Manuelfurt,MT,61320,Basic Plan,,2024-02-16,
74408,Educator,Joanna Duarte,jenna45@yahoo.com,xrusso@hotmail.com,Group School,KANSAS CITY PUBLIC SCHOOL DISTRICT,Computer games developer,Elementary,,Available day turn lay future table rock. Certain would open large. Spend business benefit sit wind they present.,04/20/2023,2023-07-29,68,14,Port Meganland,MI,34673,Premium Plan,,2023-12-30,join
60018,Student,Adam Pittman,aprilkelly@hartman.com,grayvincent@wagner-evans.org,Ltd School,KANSAS CITY PUBLIC SCHOOL DISTRICT,Product/process development scientist,,,,11/09/2021,2024-02-16,99,10,New Ashlee,MS,55863,Premium Plan,"Jensen, Robertson and Turner Subscription",2023-09-29,
17077,Educator,Tracy Phelps,hernandezzachary@yahoo.com,emily37@gmail.com,LLC School,KANSAS CITY PUBLIC SCHOOL DISTRICT,Careers information officer,College,,Arm anyone difficult each contain. Research very option mean eat guy by.,06/23/2016,2023-07-25,94,18,Baldwinville,MI,6564,Platinum Plan,,2023-03-15,
78440,Parent,Jose Thomas,oramirez@gmail.com,pollardsarah@hotmail.com,and Sons School,KANSAS CITY PUBLIC SCHOOL DISTRICT,Podiatrist,Middle School,month,,06/20/2016,2023-09-06,6,11,Lake Joseph,NV,26227,Basic Plan,,2023-12-17,
57893,Educator,Emily Kirk,davidowen@gmail.com,vherring@gmail.com,and Sons School,KANSAS CITY PUBLIC SCHOOL DISTRICT,Learning disability nurse,High School,,,08/09/2019,2023-11-11,17,18,Stephensport,MT,39160,Basic Plan,,2023-07-03,
63169,Professional,Jeffrey Abbott,obrienadrian@hotmail.com,zlindsey@guzman.com,PLC School,KANSAS CITY PUBLIC SCHOOL DISTRICT,,Middle School,,,06/18/2021,2023-03-07,45,20,Carrtown,DC,28394,Basic Plan,"Munoz, Brown and Cooper Subscription",2023-03-20,
65955,Student,Marcus Mueller,zoe93@cherry.net,shirley79@yahoo.com,LLC School,KANSAS CITY PUBLIC SCHOOL DISTRICT,,College,assume,Green property plan these administration sister gun price. Light before check real spend others.,12/13/2016,2023-05-15,21,4,Robertchester,DC,88617,Basic Plan,Owen LLC Subscription,2023-07-10,
86959,Student,Brad Singleton,larryeaton@gmail.com,jackie85@khan.com,PLC School,KANSAS CITY PUBLIC SCHOOL DISTRICT,,,,Middle dark stock identify although. Politics show we artist class PM scene. Star center offer professor case avoid operation design.,07/16/2017,2023-08-23,19,19,East Reginaborough,ND,64420,Platinum Plan,,2024-02-07,
77031,Student,Renee Torres,lrasmussen@yahoo.com,tracynielsen@gmail.com,Inc School,KANSAS CITY PUBLIC SCHOOL DISTRICT,,Middle School,,,12/28/2023,2023-12-18,49,11,Jamesview,CA,75568,Premium Plan,Mcgee-Rowe Subscription,2023-12-25,performance
27400,Professional,Kristin Nichols,bmoore@williams.com,lisa34@gomez.com,Ltd School,KANSAS CITY PUBLIC SCHOOL DISTRICT,Petroleum engineer,College,,,12/09/2020,2023-12-08,22,4,Barnettshire,LA,76718,Platinum Plan,,2023-06-15,
12623,Professional,Angela Garcia,jonathon48@morris.biz,xblackwell@white.net,LLC School,KANSAS CITY PUBLIC SCHOOL DISTRICT,,,,,11/24/2015,2024-01-18,55,3,New Jessica,SC,56773,Premium Plan,Glover-Thomas Subscription,2023-12-16,
64834,Student,Jill Little,beasleykayla@yahoo.com,daniel35@gaines-johnson.com,Inc School,KANSAS CITY PUBLIC SCHOOL DISTRICT,Estate manager/land agent,College,,,12/11/2017,2024-02-21,69,26,New Linda,TX,70253,Free Plan,Hill Inc Subscription,2024-02-05,national
74427,Professional,Christopher Conner,ralphanderson@yahoo.com,danatorres@adams-russell.com,Inc School,KANSAS CITY PUBLIC SCHOOL DISTRICT,,High School,,,10/02/2022,2023-09-21,3,17,Smithhaven,DC,17797,Free Plan,Golden Ltd Subscription,2023-09-03,the
15356,Professional,Javier Fernandez,daniel34@gmail.com,matthew52@hotmail.com,Inc School,KANSAS CITY PUBLIC SCHOOL DISTRICT,,Elementary,,,12/20/2018,2023-06-18,57,12,Warrenton,NV,46374,Platinum Plan,,2023-07-18,
51958,Student,Jasmine Williams,danny56@stewart.com,andrewsdavid@sullivan.info,PLC School,KANSAS CITY PUBLIC SCHOOL DISTRICT,,Middle School,per,,10/10/2019,2023-04-22,75,9,North James,IL,34202,Free Plan,Garcia PLC Subscription,2023-04-10,
15407,Professional,Dale Webster,angela41@yahoo.com,jamie14@yahoo.com,and Sons School,KANSAS CITY PUBLIC SCHOOL DISTRICT,,College,,I oil something part. Month beat black cause one myself will. Good author employee easy.,08/30/2022,2023-07-08,40,20,Michaelburgh,TX,63419,Premium Plan,,2023-10-27,set
83923,Student,Christopher Espinoza,jennifermiller@hotmail.com,antonio95@mcgee-curtis.org,LLC School,KANSAS CITY PUBLIC SCHOOL DISTRICT,,College,,,07/10/2022,2023-06-16,66,6,Lake Brittany,DC,83270,Platinum Plan,"Rivera, Gomez and Flores Subscription",2024-02-03,
